Facility ID,Assigned VP,Current VP,Record Type,Service Line,Latitude,Longitude,Facility Complexity Score,Assignment Cost,Is Reassignment
17,VP0050,VP0050,current,EVS,27.81,-82.73,6.043751003,0.022756963740398636,False
40,VP0028,VP0028,current,EVS,30.09,-94.13,23.95192253,0.05003606456112981,False
67,VP0059,VP0059,current,EVS,30.4,-91.1,17.63718308,0.053065953802387746,False
85,VP0041,VP0041,current,EVS,30.18,-82.69,6.013387863,0.020983312842624648,False
117,VP0028,VP0028,current,EVS,30.91,-94.01,3.045059259,0.015920353091311967,False
134,VP0028,VP0028,current,EVS,29.91,-93.92,4.039159977,0.02271612819747419,False
135,VP0034,VP0034,current,EVS,27.78,-97.4,28.46436022,0.042801019565986816,False
145,VP0049,VP0049,current,EVS,32.55,-94.74,17.28475185,0.027912672165050126,False
149,VP0009,VP0009,current,EVS,31.34,-94.76,7.081764681,0.0390717948280451,False
150,VP0034,VP0034,current,EVS,27.69,-97.38,2.047176632,0.005702725721817448,False
153,VP0043,VP0043,current,EVS,30.09,-95.62,12.94947841,0.022024454061659177,False
158,VP0043,VP0043,current,EVS,30.28,-95.47,14.00787701,0.024439171889902828,False
161,VP0057,VP0057,current,EVS,28.93,-98.53,4.593616137,0.03462171863431868,False
162,VP0043,VP0043,current,EVS,30.05,-95.26,6.815992792,0.012213717951504322,False
166,VP0034,VP0034,current,EVS,27.68,-97.38,6.946812868,0.012413283774413012,False
167,VP0034,VP0034,current,EVS,27.77,-98.04,4.260006499,0.01079011921011152,False
168,VP0034,VP0034,current,EVS,28.42,-97.73,2.452887153,0.012388279588295916,False
169,VP0034,VP0034,current,EVS,27.49,-97.85,3.88936182,0.00797305072094211,False
170,VP0034,VP0034,current,EVS,27.78,-97.4,6.383244802,0.012263867580327709,False
171,VP0009,VP0009,current,EVS,32.43,-97.8,4.226393751,0.023254719940321387,False
175,VP0057,VP0057,current,EVS,29.51,-98.48,1.751014788,0.028446384675080285,False
176,VP0057,VP0057,current,EVS,29.43,-98.5,6.9581455,0.03600325522084335,False
178,VP0057,VP0057,current,EVS,29.71,-98.12,7.208021487,0.03275451144250381,False
179,VP0057,VP0057,current,EVS,29.47,-98.7,8.46506884,0.039531052721925586,False
181,VP0020,VP0020,current,EVS,32.73,-97.33,38.89724162,0.05423327524019168,False
193,VP0057,VP0057,current,EVS,29.69,-98.12,7.516517359,0.033221066191512987,False
198,VP0043,VP0043,current,EVS,29.58,-95.39,3.323845422,0.007158235901830916,False
201,VP0050,VP0050,current,EVS,27.83,-82.7,11.23017703,0.029719872017856305,False
223,VP0059,VP0059,current,EVS,32.37,-88.7,5.254114687,0.012885696236645016,False
229,VP0062,VP0062,current,EVS,33.46,-90.65,2.093470455,0.039666168597707704,False
230,VP0061,VP0061,current,EVS,27.3,-82.45,6.774816132,0.01875533948834921,False
235,VP0023,VP0023,current,EVS,36.41,-89.04,3.886898951,0.016582249547778455,False
249,VP0009,VP0009,current,EVS,36.39,-97.87,4.133316404,0.029756806599214043,False
257,VP0007,VP0007,current,EVS,36.74,-90.43,5.116278576,0.016266167759724053,False
259,VP0059,VP0059,current,EVS,31.24,-90.45,8.261150184,0.03179926512863418,False
273,VP0051,VP0051,current,EVS,30.4,-88.89,6.038716047,0.008791468046456589,False
275,VP0050,VP0050,current,EVS,26.99,-82.1,9.690847414,0.03553965605753458,False
276,VP0061,VP0061,current,EVS,27.71,-82.36,5.128277494,0.012746734219592225,False
281,VP0050,VP0050,current,EVS,27.91,-82.79,12.86040585,0.03133908140323201,False
282,VP0050,VP0050,current,EVS,32.54,-82.96,6.180768627,0.038898338232608284,False
283,VP0041,VP0041,current,EVS,29.14,-82.2,5.959186165,0.0266074725669767,False
284,VP0050,VP0050,current,EVS,33.48,-82.09,12.76966904,0.05662945127347377,False
285,VP0041,VP0041,current,EVS,29.18,-82.14,10.70615801,0.03344704470723277,False
287,VP0061,VP0061,current,EVS,27.93,-82.29,18.49913786,0.029235119837969867,False
288,VP0050,VP0050,current,EVS,27.9,-82.83,7.100833542,0.023520568292201956,False
295,VP0041,VP0041,current,EVS,29.66,-82.41,19.0512349,0.04149494015379789,False
296,VP0059,VP0059,current,EVS,32.85,-83.62,6.135339622,0.04455110327296663,False
297,VP0059,VP0059,current,EVS,32.87,-83.69,3.366103705,0.040220902423300856,False
298,VP0041,VP0041,current,EVS,30.16,-85.66,9.175054745,0.024795036354066123,False
320,VP0059,VP0059,current,EVS,30.4,-91.1,12.18970857,0.04553235081626916,False
330,VP0049,VP0049,current,EVS,33.27,-93.24,2.358717641,0.014025299710659652,False
334,VP0005,VP0005,current,EVS,45.56,-93.59,2.498513884,0.010365577848167988,False
335,VP0005,VP0005,current,EVS,45.32,-93.0,6.130233337,0.01146446453027754,False
338,VP0037,VP0037,current,EVS,36.69,-76.94,8.915825471,0.021946736718328586,False
341,VP0005,VP0005,current,EVS,47.41,-92.93,5.439487312,0.026692948098039092,False
355,VP0058,VP0058,current,EVS,29.11,-97.28,1.074513011,0.08391499490949308,False
362,VP0050,VP0050,current,EVS,27.48,-82.62,15.60228081,0.03893667078688731,False
364,VP0061,VP0061,current,EVS,28.66,-81.23,3.897774309,0.013650058522111458,False
365,VP0055,VP0055,current,EVS,33.42,-104.53,7.58949299,0.037926261521521995,False
369,VP0028,VP0028,current,EVS,30.09,-94.13,0.4998734538,0.017602975314593827,False
377,VP0059,VP0059,current,EVS,32.37,-88.7,-0.3183083644,0.005179295249751172,False
378,VP0059,VP0059,current,EVS,32.36,-88.71,-0.3183083644,0.005204969559535674,False
379,VP0062,VP0062,current,EVS,33.46,-90.65,-0.3183083644,0.036330791060403836,False
383,VP0059,VP0059,current,EVS,31.55,-90.1,1.145893713,0.018353098536184977,False
400,VP0041,VP0041,current,EVS,30.45,-86.63,11.58045211,0.03617651587485697,False
402,VP0041,VP0041,current,EVS,30.53,-86.5,2.145884169,0.022290170278017867,False
404,VP0055,VP0055,current,EVS,35.66,-105.95,10.4020421,0.03937262881621489,False
405,VP0041,VP0041,current,EVS,30.48,-84.23,11.91272331,0.02137717507752681,False
407,VP0055,VP0055,current,EVS,35.12,-106.63,2.515428854,0.0213781778712817,False
416,VP0028,VP0028,current,EVS,30.22,-93.23,5.141925976,0.01906689926510565,False
419,VP0025,VP0025,current,EVS,26.22,-81.8,4.580144318,0.0276776896687885,False
420,VP0025,VP0025,current,EVS,26.21,-81.73,7.132591761,0.03137712700846319,False
422,VP0059,VP0059,current,EVS,32.37,-88.7,17.44927451,0.029751033062011115,False
428,VP0025,VP0025,current,EVS,28.19,-81.64,9.819493438,0.01866659514417983,False
432,VP0025,VP0025,current,EVS,28.95,-82.63,1.515768973,0.008596311619675532,False
433,VP0049,VP0049,current,EVS,33.22,-92.67,6.250004541,0.023504849714091287,False
437,VP0050,VP0050,current,EVS,27.75,-82.74,6.618023108,0.024109672993202456,False
446,VP0059,VP0059,current,EVS,32.75,-89.1,4.143909111,0.01588136136331431,False
452,VP0018,VP0018,current,EVS,35.55,-80.86,6.168144316,0.016040411543269815,False
455,VP0059,VP0059,current,EVS,33.86,-83.6,3.700923417,0.044044927066112655,False
457,VP0031,VP0031,current,EVS,35.38,-86.23,4.061495899,0.019103385897745837,False
466,VP0031,VP0031,current,EVS,36.22,-86.33,3.325242933,0.01363490373747328,False
470,VP0025,VP0025,current,EVS,28.54,-82.44,6.471864357,0.012093239934128613,False
471,VP0025,VP0025,current,EVS,28.44,-82.54,5.575246857,0.011602122356769896,False
477,VP0010,VP0010,current,EVS,41.24,-110.99,0.7341911531,0.019765474731391966,False
485,VP0025,VP0025,current,EVS,26.65,-80.21,10.46608728,0.03780040763069242,False
489,VP0031,VP0031,current,EVS,36.11,-83.52,3.514628173,0.018743775805306,False
491,VP0031,VP0031,current,EVS,35.97,-83.18,2.213887664,0.019759802646413634,False
492,VP0031,VP0031,current,EVS,36.39,-84.11,3.110496621,0.013291591223624978,False
493,VP0062,VP0062,current,EVS,36.05,-84.0,2.998367953,0.03382680123710018,False
504,VP0059,VP0059,current,EVS,29.96,-90.08,13.79752543,0.044597347239632656,False
507,VP0025,VP0025,current,EVS,27.76,-82.64,16.25517825,0.03073992825726479,False
508,VP0061,VP0061,current,EVS,28.2,-82.66,7.659441763,0.016049499921425778,False
509,VP0061,VP0061,current,EVS,28.15,-81.46,4.435641437,0.011325927800155686,False
512,VP0017,VP0017,current,EVS,40.18,-80.25,12.99813078,0.036436056105009815,False
513,VP0059,VP0059,current,EVS,34.2,-84.79,3.674304923,0.037657278664357564,False
514,VP0059,VP0059,current,EVS,33.88,-84.02,6.347258997,0.04486918585859931,False
515,VP0025,VP0025,current,EVS,34.28,-85.2,6.105360173,0.06763116544018316,False
522,VP0061,VP0061,current,EVS,28.0,-82.57,6.818804577,0.014544366389514462,False
523,VP0041,VP0041,current,EVS,30.52,-87.22,10.43147844,0.03930826138917932,False
524,VP0061,VP0061,current,EVS,27.94,-82.49,2.728563531,0.00857900797892088,False
532,VP0007,VP0007,current,EVS,36.18,-94.14,6.470698807,0.03977402016454956,False
533,VP0007,VP0007,current,EVS,36.34,-94.19,3.65964907,0.03554979782467505,False
534,VP0007,VP0007,current,EVS,36.14,-94.19,0.7693649215,0.03239196992183926,False
535,VP0007,VP0007,current,EVS,36.19,-94.51,1.691703132,0.035569934033291124,False
538,VP0007,VP0007,current,EVS,39.43,-92.41,0.9357680201,0.02300252116319333,False
539,VP0028,VP0028,current,EVS,30.18,-93.25,5.566913497,0.020055908707027816,False
548,VP0025,VP0025,current,EVS,27.9,-81.57,2.028836343,0.010126437044993664,False
549,VP0031,VP0031,current,EVS,36.61,-88.31,8.836114082,0.035330342257523656,False
551,VP0034,VP0034,current,EVS,27.69,-97.34,13.20549095,0.021371200579296527,False
556,VP0061,VP0061,current,EVS,28.83,-82.34,9.260229169,0.019519639335883975,False
557,VP0028,VP0028,current,EVS,32.42,-93.72,4.989166961,0.019845399294993318,False
558,VP0028,VP0028,current,EVS,31.28,-92.46,15.52179054,0.023948892736732192,False
560,VP0049,VP0049,current,EVS,33.46,-94.07,8.930532471,0.019076313117008803,False
561,VP0049,VP0049,current,EVS,33.46,-94.07,3.548642385,0.011633410328125156,False
562,VP0049,VP0049,current,EVS,33.11,-94.17,2.726802996,0.007501228115586154,False
563,VP0061,VP0061,current,EVS,28.3,-81.41,16.7861357,0.02886461912728436,False
567,VP0005,VP0005,current,EVS,44.75,-93.27,8.025929879,0.01878770677269978,False
568,VP0005,VP0005,current,EVS,44.97,-93.23,30.90728318,0.04871563366635515,False
569,VP0005,VP0005,current,EVS,44.89,-93.33,38.02189235,0.05953689577259229,False
571,VP0005,VP0005,current,EVS,44.97,-93.24,69.61336988,0.10229111565309111,False
575,VP0055,VP0055,current,EVS,32.44,-104.26,4.405990329,0.03766106644917015,False
576,VP0023,VP0023,current,EVS,37.74,-89.0,5.612068884,0.022967244024154995,False
579,VP0061,VP0061,current,EVS,26.95,-82.33,4.361616434,0.018238736707877682,False
580,VP0028,VP0028,current,EVS,31.86,-92.28,1.639827606,0.008173338749598155,False
585,VP0025,VP0025,current,EVS,29.18,-82.14,7.646711166,0.017545337550088618,False
586,VP0018,VP0018,current,EVS,35.38,-83.2,5.795867014,0.02923629643772071,False
587,VP0018,VP0018,current,EVS,35.43,-83.44,1.499742669,0.024767209698843363,False
589,VP0018,VP0018,current,EVS,35.18,-83.35,-0.3183083644,0.02261052058513515,False
592,VP0043,VP0043,current,EVS,29.69,-95.4,12.67641817,0.019221521044860634,False
594,VP0007,VP0007,current,EVS,34.8,-92.35,3.023630862,0.03467841558996722,False
598,VP0025,VP0025,current,EVS,29.18,-82.14,1.949428463,0.009666261492863976,False
655,VP0012,VP0012,current,CNS,29.54,-95.13,35.60044167,0.09996686649457073,False
702,VP0038,VP0038,current,CNS,35.08,-89.85,3.224869396,0.031104344146447107,False
704,VP0001,VP0001,current,CNS,30.4,-91.1,0.0,0.0004402056109025027,False
707,VP0053,VP0053,current,CNS,34.11,-85.98,52.00911603,0.07861464249823977,False
722,VP0022,VP0022,current,CNS,30.35,-97.97,27.86058909,0.05191436643833057,False
729,VP0036,VP0036,current,CNS,36.7,-77.54,4.627567727,0.012754881290521453,False
730,VP0038,VP0038,current,CNS,37.74,-89.0,38.23821785,0.06869021580213308,False
732,VP0036,VP0036,current,CNS,36.69,-76.94,25.16380617,0.04000416563443831,False
747,VP0036,VP0036,current,CNS,37.18,-77.36,70.62772661,0.1004879423176666,False
748,VP0060,VP0060,current,CNS,34.8,-92.35,35.09745719,0.06553789184001856,False
751,VP0038,VP0038,current,CNS,38.31,-88.94,52.87785629,0.09173354849651794,False
753,VP0060,VP0060,current,CNS,33.27,-93.24,22.48891909,0.041390448731258696,False
762,VP0022,VP0022,current,CNS,32.44,-104.26,36.81303842,0.09737025435365382,False
764,VP0014,VP0014,current,CNS,36.33,-78.45,53.79379535,0.09315252026517097,False
767,VP0060,VP0060,current,CNS,33.22,-92.67,52.49948539,0.07853672824688585,False
998,VP0020,VP0020,current,EVS,32.73,-97.33,13.19684315,0.01869082372387804,False
1223,VP0043,VP0043,current,EVS,29.73,-95.59,10.16185258,0.016851808818001014,False
1226,VP0043,VP0043,current,EVS,29.66,-95.18,11.39138473,0.017818071021509743,False
1227,VP0043,VP0043,current,EVS,29.39,-94.99,9.723973878,0.01842168755277683,False
1228,VP0043,VP0043,current,EVS,29.54,-95.13,23.59162678,0.03583142720241415,False
1229,VP0034,VP0034,current,EVS,26.19,-98.22,12.25034872,0.030525801858436258,False
1230,VP0034,VP0034,current,EVS,25.98,-97.51,9.25043943,0.027251107078681086,False
1266,VP0055,VP0055,current,EVS,36.13,-115.14,31.27594219,0.10213044243706731,False
1269,VP0049,VP0049,current,EVS,33.16,-95.6,4.457617437,0.01555546389916142,False
1286,VP0060,VP0060,current,CNS,30.4,-88.89,6.960555442,0.044391079468533844,False
1312,VP0058,VP0058,current,EVS,29.53,-98.59,0.2877522417,0.07259781262992168,False
1321,VP0005,VP0005,current,EVS,46.55,-87.4,11.61899798,0.05159161635881341,False
1326,VP0062,VP0062,current,EVS,32.42,-80.69,12.25203938,0.05874346071323734,False
1328,VP0031,VP0031,current,EVS,35.74,-81.34,10.66699338,0.04519810340895184,False
1340,VP0022,VP0022,current,CNS,29.53,-98.59,23.29975206,0.05268197487617259,False
1352,VP0041,VP0041,current,EVS,29.66,-82.41,-0.3183083644,0.014707765893768746,False
1361,VP0049,VP0049,current,EVS,32.34,-95.29,8.83493498,0.02058154040965915,False
1362,VP0049,VP0049,current,EVS,32.34,-95.29,9.704591433,0.021784234692889134,False
1366,VP0049,VP0049,current,EVS,31.94,-95.25,1.787497494,0.013360794614501376,False
1367,VP0018,VP0018,current,EVS,35.53,-82.94,7.737532692,0.02957631680512214,False
1370,VP0049,VP0049,current,EVS,32.26,-95.31,0.3519880862,0.009446555470103282,False
1385,VP0006,VP0006,current,CNS,46.55,-87.4,50.34064756,0.17185990203060164,False
1401,VP0026,VP0026,current,CNS,34.48,-114.34,61.1069985,0.10916017153232485,False
1403,VP0055,VP0055,current,EVS,34.48,-114.34,7.610472107,0.05972394618066204,False
1419,VP0059,VP0059,current,EVS,31.87,-90.37,1.44262444,0.02016729139198494,False
1422,VP0053,VP0053,current,CNS,32.41,-88.68,87.72600037,0.1463324325083796,False
1424,VP0003,VP0003,current,EVS,30.38,-86.32,-0.3183083644,0.0,False
1431,VP0028,VP0028,current,EVS,30.2,-93.2,16.31320249,0.034603227910788494,False
1443,VP0050,VP0050,current,EVS,27.95,-82.52,-0.3183083644,0.012572855895239717,False
1444,VP0018,VP0018,current,EVS,36.41,-78.98,2.62959381,0.01657867073537799,False
1452,VP0014,VP0014,current,CNS,36.41,-78.99,25.2149732,0.04993946675470532,False
1475,VP0018,VP0018,current,EVS,36.58,-79.41,12.05305945,0.026721770521546402,False
1476,VP0014,VP0014,current,CNS,36.58,-79.41,75.77382428,0.11763534599561415,False
1485,VP0014,VP0014,current,CNS,36.7,-79.87,10.45710617,0.02524768934526033,False
1486,VP0018,VP0018,current,EVS,36.7,-79.87,4.400846437,0.013437220467964944,False
1492,VP0049,VP0049,current,EVS,32.54,-94.37,8.489573396,0.015419632440533024,False
1496,VP0034,VP0034,current,EVS,27.75,-97.39,9.848395362,0.01686758073545811,False
1510,VP0043,VP0043,current,EVS,30.02,-95.44,14.68296527,0.023052284070516654,False
1513,VP0049,VP0049,current,EVS,33.46,-94.07,0.5907825447,0.00754282822728219,False
1530,VP0043,VP0043,current,EVS,29.72,-95.39,11.33602471,0.017104303331633104,False
1533,VP0055,VP0055,current,EVS,32.32,-106.73,7.931901532,0.027083640966278754,False
1536,VP0026,VP0026,current,CNS,40.46,-109.53,50.69104368,0.12449568582423962,False
1548,VP0022,VP0022,current,CNS,29.11,-97.28,47.75775603,0.09202563691760135,False
1549,VP0010,VP0010,current,EVS,40.46,-109.53,3.466552902,0.035706305682340955,False
1552,VP0023,VP0023,current,EVS,35.14,-90.02,32.7189369,0.06812389387865972,False
1568,VP0005,VP0005,current,EVS,45.14,-93.46,1.148626028,0.007943255631955312,False
1595,VP0050,VP0050,current,EVS,31.22,-82.35,9.168554297,0.030730783764352537,False
1604,VP0017,VP0017,current,EVS,40.09,-75.25,3.711994666,0.023909227592198202,False
1605,VP0017,VP0017,current,EVS,40.11,-75.03,0.9596497074,0.021659906585527244,False
1606,VP0017,VP0017,current,EVS,40.23,-76.72,0.1138933324,0.009706415424107271,False
1607,VP0017,VP0017,current,EVS,40.49,-80.15,2.637562203,0.022367718929269798,False
1618,VP0018,VP0018,current,EVS,36.33,-78.45,7.096055409,0.026657476024928652,False
1633,VP0017,VP0017,current,EVS,40.18,-75.09,-0.3183083644,0.019611135518434963,False
1651,VP0018,VP0018,current,EVS,35.36,-81.97,6.252206788,0.02215676587456101,False
1652,VP0014,VP0014,current,CNS,35.36,-81.96,59.66108469,0.09263149299782392,False
1653,VP0018,VP0018,current,EVS,35.72,-77.94,6.615803105,0.03054783311787803,False
1654,VP0014,VP0014,current,CNS,35.72,-77.94,36.79633065,0.0731693835015377,False
1670,VP0014,VP0014,current,CNS,35.72,-77.95,11.56885285,0.03820648560010581,False
1693,VP0060,VP0060,current,CNS,31.9,-92.24,17.12115751,0.034668882674073156,False
1696,VP0028,VP0028,current,EVS,32.02,-93.34,1.65852394,0.01051377318657914,False
1697,VP0005,VP0005,current,EVS,44.92,-92.98,4.555520301,0.011651636119239287,False
1698,VP0005,VP0005,current,EVS,44.95,-93.1,14.93664351,0.02620312303717446,False
1699,VP0005,VP0005,current,EVS,45.03,-93.03,8.996347663,0.017126630521711823,False
1724,VP0006,VP0006,current,CNS,46.5,-87.69,1.827845002,0.10292014535246874,False
1738,VP0023,VP0023,current,EVS,35.48,-79.19,5.567678057,0.07162211908804875,False
1739,VP0014,VP0014,current,CNS,35.47,-79.19,47.05206796,0.07859686608156331,False
1747,VP0057,VP0057,current,EVS,29.61,-98.48,1.557766216,0.02795462465187569,False
1750,VP0062,VP0062,current,EVS,33.3,-83.98,0.9303725057,0.016749091897460808,False
1751,VP0062,VP0062,current,EVS,34.06,-84.32,8.91780184,0.026961394718406084,False
1752,VP0062,VP0062,current,EVS,33.24,-84.27,7.193380036,0.02319461543187378,False
1753,VP0062,VP0062,current,EVS,33.68,-84.43,4.093119472,0.018147597949951334,False
1781,VP0038,VP0038,current,CNS,37.46,-89.25,27.66417697,0.05473812601235752,False
1792,VP0062,VP0062,current,EVS,35.18,-86.09,5.955080965,0.02602187681338194,False
1801,VP0005,VP0005,current,EVS,44.97,-93.23,3.096601333,0.01025475873725832,False
1809,VP0002,VP0002,current,EVS,29.4,-98.62,-0.3183083644,0.07003047362442179,False
1810,VP0002,VP0002,current,EVS,29.54,-98.29,-0.3183083644,0.07180761659039563,False
1811,VP0002,VP0002,current,EVS,29.36,-100.8,-0.3183083644,0.05526576882412892,False
1812,VP0002,VP0002,current,EVS,31.43,-100.42,-0.2577023038,0.04984753819251261,False
1813,VP0002,VP0002,current,EVS,32.44,-99.82,-0.2577023038,0.05289211724786129,False
1814,VP0002,VP0002,current,EVS,33.98,-98.52,-0.3183083644,0.06339419504072946,False
1815,VP0002,VP0002,current,EVS,32.84,-106.08,-0.3183083644,0.004339994755584515,False
1816,VP0002,VP0002,current,EVS,34.4,-103.33,-0.3183083644,0.029681152338600393,False
1817,VP0002,VP0002,current,EVS,35.05,-106.58,-0.3183083644,0.021632558886330335,False
1818,VP0002,VP0002,current,EVS,32.18,-110.86,-0.3183083644,0.03334680777152365,False
1819,VP0002,VP0002,current,EVS,33.5,-112.36,-0.3183083644,0.044932335716329264,False
1820,VP0002,VP0002,current,EVS,33.92,-118.38,-0.3183083644,0.09121771072624368,False
1821,VP0002,VP0002,current,EVS,34.91,-117.95,-0.3183083644,0.08906502713512014,False
1822,VP0002,VP0002,current,EVS,34.88,-120.61,-0.3183083644,0.10891586858598448,False
1829,VP0021,VP0021,current,CNS,40.31,-78.92,69.06159841,0.10892507391270759,False
1830,VP0017,VP0017,current,EVS,40.31,-78.92,28.77943067,0.050160351542016965,False
1874,VP0024,VP0024,current,EVS,39.74,-104.84,35.38327258,0.054900924958675976,False
1875,VP0024,VP0024,current,EVS,39.55,-105.01,5.686061717,0.014349927015547912,False
1877,VP0024,VP0024,current,EVS,38.84,-104.8,17.63304566,0.031858977642489766,False
1878,VP0024,VP0024,current,EVS,38.97,-104.76,4.474421223,0.01257702944328404,False
1879,VP0024,VP0024,current,EVS,38.91,-104.82,1.291072373,0.008870764087638773,False
1881,VP0021,VP0021,current,CNS,40.66,-78.71,111.5985312,0.17128889020973828,False
1882,VP0024,VP0024,current,EVS,39.74,-104.84,-0.3183083644,0.005527304886080879,False
1896,VP0061,VP0061,current,EVS,29.67,-82.43,-0.3183083644,0.013886634139906978,False
1913,VP0053,VP0053,current,CNS,35.22,-87.34,40.05898379,0.07605298422017436,False
1915,VP0057,VP0057,current,EVS,29.43,-98.5,3.083809559,0.030645229449311258,False
1927,VP0061,VP0061,current,EVS,28.81,-81.28,2.820827971,0.012678479077008229,False
1964,VP0049,VP0049,current,EVS,32.94,-95.31,1.353358749,0.00866698491863125,False
1966,VP0006,VP0006,current,CNS,41.03,-92.39,45.1275561,0.1447450235216669,False
1967,VP0031,VP0031,current,EVS,38.01,-84.22,4.79008411,0.022467562631969872,False
1968,VP0049,VP0049,current,EVS,32.54,-94.37,0.3195077336,0.004120812967756542,False
1986,VP0011,VP0011,current,CNS,38.01,-84.22,35.06168857,0.09649485606702518,False
1992,VP0053,VP0053,current,CNS,28.63,-80.82,45.81795137,0.12292234172685822,False
1994,VP0025,VP0025,current,EVS,28.63,-80.82,10.23899064,0.025184461318759732,False
2005,VP0055,VP0055,current,EVS,31.55,-110.23,4.523702079,0.03227597292788922,False
2008,VP0026,VP0026,current,CNS,31.55,-110.23,33.59798974,0.07723717076146427,False
2024,VP0007,VP0007,current,EVS,34.57,-92.59,6.473163275,0.04216966901878784,False
2093,VP0060,VP0060,current,CNS,34.57,-92.59,46.81740631,0.08011313894793373,False
2232,VP0012,VP0012,current,EVS,41.85,-88.03,-0.3183083644,0.07508927037056187,False
2249,VP0057,VP0057,current,EVS,29.85,-97.95,6.167397401,0.029736219132065932,False
2323,VP0018,VP0018,current,EVS,36.67,-80.92,6.105261968,0.012800887426249068,False
2327,VP0031,VP0031,current,EVS,37.09,-84.62,9.274178482,0.020047557464972703,False
2328,VP0011,VP0011,current,CNS,37.09,-84.62,25.65560066,0.09088558144262843,False
2329,VP0038,VP0038,current,CNS,38.21,-90.0,109.8774641,0.17621471989341664,False
2337,VP0014,VP0014,current,CNS,35.74,-81.34,49.87801876,0.07335222936477438,False
2358,VP0007,VP0007,current,EVS,34.49,-93.04,6.961800471,0.045201495622398814,False
2364,VP0018,VP0018,current,EVS,35.72,-77.95,2.711994666,0.025077002275062266,False
2370,VP0061,VP0061,current,EVS,28.37,-81.29,4.014428985,0.012288580971748456,False
2377,VP0024,VP0024,current,EVS,38.97,-105.07,1.092159058,0.009618864219518202,False
2382,VP0040,VP0040,current,EVS,39.93,-83.82,3.318055272,0.012925993432056672,False
2391,VP0031,VP0031,current,EVS,38.42,-83.75,3.693824052,0.025947008466216046,False
2393,VP0031,VP0031,current,EVS,38.64,-83.81,4.491908977,0.02856724397512998,False
2408,VP0005,VP0005,current,EVS,44.47,-93.19,2.493899345,0.013133474323626129,False
2409,VP0006,VP0006,current,CNS,44.47,-93.19,5.736883948,0.07389117257404425,False
2411,VP0031,VP0031,current,EVS,38.28,-85.75,9.61533322,0.03008596327734624,False
2432,VP0057,VP0057,current,EVS,29.51,-98.58,-0.3183083644,0.026359422630490334,False
2450,VP0018,VP0018,current,EVS,38.71,-77.81,7.0858247,0.04067767722115185,False
2455,VP0010,VP0010,current,EVS,46.85,-114.05,8.24158748,0.050451355221255295,False
2468,VP0028,VP0028,current,EVS,33.76,-89.82,1.16654012,0.03331158828194316,False
2469,VP0028,VP0028,current,EVS,32.33,-90.18,0.4392673932,0.022553884863831183,False
2470,VP0028,VP0028,current,EVS,33.11,-90.03,0.4392673932,0.027193049157601536,False
2481,VP0010,VP0010,current,EVS,44.05,-123.0,3.10593406,0.07464349105021294,False
2495,VP0038,VP0038,current,CNS,35.44,-84.61,6.528261098,0.03290425261983923,False
2496,VP0038,VP0038,current,CNS,35.35,-84.52,141.3060299,0.2203332516228717,False
2499,VP0035,VP0035,current,EVS,32.33,-90.18,-0.3183083644,0.0,False
2543,VP0055,VP0055,current,EVS,32.29,-106.74,9.974611591,0.030073152442724443,False
2545,VP0021,VP0021,current,CNS,40.34,-78.39,34.27912651,0.06317882473149194,False
2555,VP0012,VP0012,current,EVS,29.72,-95.39,1.015024969,0.05128750645575833,False
2556,VP0022,VP0022,current,CNS,35.48,-101.08,27.79798447,0.07921920618864842,False
2559,VP0007,VP0007,current,EVS,40.19,-92.59,0.9241158781,0.02931041688148621,False
2572,VP0005,VP0005,current,EVS,47.22,-93.55,0.7119946659,0.01930998056165289,False
2575,VP0021,VP0021,current,CNS,37.09,-81.82,18.31121183,0.04921252898245887,False
2579,VP0010,VP0010,current,EVS,46.23,-119.1,0.4392673932,0.05380556763385966,False
2580,VP0006,VP0006,current,CNS,46.23,-119.1,57.55633832,0.18279292314651713,False
2581,VP0014,VP0014,current,CNS,36.39,-86.43,48.74391034,0.10956244747499262,False
2587,VP0028,VP0028,current,EVS,32.49,-93.75,-0.3183083644,0.013150132113809589,False
2588,VP0059,VP0059,current,EVS,30.4,-91.16,0.2877522417,0.02946683710754591,False
2600,VP0021,VP0021,current,CNS,36.95,-81.1,10.92797723,0.03728219126261631,False
2606,VP0006,VP0006,current,CNS,46.28,-119.28,175.4772984,0.3470163647715952,False
2640,VP0014,VP0014,current,CNS,35.39,-83.2,18.10273835,0.043664624231917235,False
2641,VP0014,VP0014,current,CNS,35.43,-83.44,222.2161042,0.32759446309330786,False
2673,VP0014,VP0014,current,CNS,35.53,-82.94,12.6886584,0.0339652888580556,False
2677,VP0009,VP0009,current,EVS,33.69,-95.55,4.446459811,0.015785063449336806,False
2730,VP0005,VP0005,current,EVS,44.35,-93.97,0.1968431508,0.013725085342542426,False
2732,VP0023,VP0023,current,EVS,34.75,-87.68,3.263495319,0.021887576865478722,False
2733,VP0053,VP0053,current,CNS,34.8,-87.65,32.37772913,0.06422386334668517,False
2734,VP0023,VP0023,current,EVS,34.8,-87.65,13.46900632,0.03553461866213241,False
2740,VP0006,VP0006,current,CNS,45.2,-123.16,48.16664841,0.19649501363561594,False
2787,VP0026,VP0026,current,CNS,35.0,-114.6,4.046583641,0.03211425083380738,False
2864,VP0043,VP0043,current,EVS,29.83,-94.81,-0.3183083644,0.003974213409062825,False
2923,VP0062,VP0062,current,EVS,30.77,-88.08,7.681691636,0.03979853678325163,False
2924,VP0062,VP0062,current,EVS,30.7,-88.08,2.742297696,0.03349710297856169,False
2964,VP0010,VP0010,current,EVS,41.03,-92.39,2.893812848,0.1442719309138996,False
2985,VP0039,VP0039,current,EVS,26.78,-80.11,1.408964363,0.03372991779624944,False
2986,VP0008,VP0008,current,CNS,26.78,-80.11,51.97775574,0.09799054194844217,False
2987,VP0039,VP0039,current,EVS,25.76,-80.28,1.287752242,0.042820358713243675,False
2988,VP0008,VP0008,current,CNS,25.76,-80.28,76.59383959,0.13933942785848702,False
2989,VP0039,VP0039,current,EVS,26.12,-80.13,1.802903757,0.04030979989738803,False
2990,VP0008,VP0008,current,CNS,26.12,-80.13,84.00950088,0.14724905738311594,False
2991,VP0039,VP0039,current,EVS,26.01,-80.14,2.378661333,0.042108705332366034,False
2992,VP0008,VP0008,current,CNS,26.01,-80.14,75.37102498,0.13614023297615968,False
2993,VP0039,VP0039,current,EVS,27.74,-82.64,2.16654012,0.031431283241032365,False
2994,VP0008,VP0008,current,CNS,27.74,-82.64,92.0818149,0.14012373010757034,False
2997,VP0039,VP0039,current,EVS,27.99,-82.48,2.772600727,0.029646282231393994,False
3001,VP0031,VP0031,current,EVS,35.56,-86.45,0.4089643629,0.013801808266060478,False
3013,VP0053,VP0053,current,CNS,34.06,-84.32,29.67865175,0.05381488024208424,False
3014,VP0050,VP0050,current,EVS,29.67,-82.26,-0.3183083644,0.003916100949452303,False
3015,VP0034,VP0034,current,EVS,27.78,-97.4,26.88766247,0.04062052017020231,False
3025,VP0004,VP0004,current,CNS,28.09,-80.63,51.67020441,0.15430310861397034,False
3026,VP0039,VP0039,current,EVS,28.09,-80.63,1.10593406,0.021060700477626475,False
3027,VP0004,VP0004,current,CNS,29.99,-81.68,114.027163,0.22351357102888128,False
3028,VP0039,VP0039,current,EVS,29.99,-81.68,1.439267393,0.011648875634133853,False
3029,VP0050,VP0050,current,EVS,,,9.681691636,0.01382953324993149,False
3031,VP0036,VP0036,current,CNS,37.14,-76.51,76.70383769,0.11043329546640636,False
3032,VP0037,VP0037,current,EVS,37.14,-76.51,3.13623709,0.01775622466223037,False
3034,VP0036,VP0036,current,CNS,36.84,-76.35,28.0457006,0.04528113600496064,False
3035,VP0037,VP0037,current,EVS,36.84,-76.35,5.015024969,0.020962378459440024,False
3041,VP0037,VP0037,current,EVS,36.7,-77.54,0.8635098175,0.006378047448913901,False
3043,VP0037,VP0037,current,EVS,37.18,-77.36,8.772600727,0.020092858848686043,False
3045,VP0036,VP0036,current,CNS,37.7,-76.39,57.41052747,0.08643722969746769,False
3046,VP0037,VP0037,current,EVS,37.7,-76.39,0.4392673932,0.017127618406435775,False
3047,VP0036,VP0036,current,CNS,37.54,-77.41,288.9177727,0.4041443329416533,False
3048,VP0037,VP0037,current,EVS,37.54,-77.41,2.590782545,0.013650131996960819,False
3051,VP0037,VP0037,current,EVS,37.58,-77.51,10.40896436,0.02436109938605164,False
3053,VP0036,VP0036,current,CNS,37.63,-77.39,58.79659541,0.08647077215596412,False
3054,VP0037,VP0037,current,EVS,37.63,-77.39,6.924115878,0.020404080306141492,False
3057,VP0037,VP0037,current,EVS,37.47,-77.66,3.833206787,0.013841585827596915,False
3059,VP0004,VP0004,current,CNS,36.05,-79.77,55.57679078,0.08846892495943946,False
3060,VP0039,VP0039,current,EVS,36.05,-79.77,2.742297696,0.05881512302597555,False
3062,VP0039,VP0039,current,EVS,39.98,-75.33,1.408964363,0.10096852679944039,False
3063,VP0004,VP0004,current,CNS,40.05,-75.1,63.69779724,0.1372145698590321,False
3064,VP0039,VP0039,current,EVS,40.05,-75.1,1.257449211,0.10203836951635858,False
3069,VP0045,VP0045,current,CNS,30.28,-95.47,65.96236878,0.15273696115234386,False
3075,VP0045,VP0045,current,CNS,26.16,-97.67,81.12324381,0.1933763300760738,False
3082,VP0044,VP0044,current,EVS,30.56,-97.66,1.318055272,0.039336456909357,False
3083,VP0045,VP0045,current,CNS,30.56,-97.66,35.83463697,0.09636263754819463,False
3087,VP0004,VP0004,current,CNS,39.75,-84.2,47.66295173,0.10216649646062441,False
3088,VP0019,VP0019,current,EVS,39.75,-84.2,1.227146181,0.028775371668874453,False
3089,VP0008,VP0008,current,CNS,35.05,-85.31,260.1711345,0.42172029487207713,False
3090,VP0019,VP0019,current,EVS,35.05,-85.31,1.015024969,0.034463664709932465,False
3096,VP0053,VP0053,current,CNS,33.24,-84.27,38.69184897,0.06557096260727742,False
3099,VP0037,VP0037,current,EVS,34.85,-82.32,2.499873454,0.039188622728719195,False
3101,VP0030,VP0030,current,CNS,34.85,-82.32,97.80675678,0.13621588046814503,False
3102,VP0037,VP0037,current,EVS,34.84,-82.42,7.10593406,0.046260558834218486,False
3104,VP0030,VP0030,current,CNS,34.84,-82.42,70.75092653,0.09893050325861594,False
3113,VP0040,VP0040,current,EVS,37.05,-88.65,5.257449211,0.04358767887242905,False
3115,VP0056,VP0056,current,CNS,37.05,-88.65,75.33426294,0.15261409476382135,False
3116,VP0033,VP0033,current,EVS,40.99,-80.66,6.045327999,0.022446742705487417,False
3118,VP0056,VP0056,current,CNS,40.99,-80.66,102.9827872,0.16340471211188992,False
3119,VP0040,VP0040,current,EVS,40.74,-84.12,9.590782545,0.02654864133371493,False
3121,VP0056,VP0056,current,CNS,40.74,-84.12,44.029177,0.06718366456612755,False
3122,VP0019,VP0019,current,EVS,41.91,-87.89,2.530176484,0.038384032410956746,False
3123,VP0032,VP0032,current,CNS,41.91,-87.89,202.1434571,0.29980727859035655,False
3124,VP0019,VP0019,current,EVS,41.96,-87.69,4.651388605,0.04164578799773419,False
3125,VP0032,VP0032,current,CNS,41.96,-87.69,42.00962853,0.07896155925893224,False
3128,VP0057,VP0057,current,EVS,29.85,-97.95,5.868859165,0.02932335468596866,False
3135,VP0007,VP0007,current,EVS,43.19,-77.59,13.92411588,0.12309602458882662,False
3142,VP0052,VP0052,current,CNS,39.22,-94.59,7.051646766,0.026064103658344738,False
3143,VP0019,VP0019,current,EVS,39.22,-94.59,1.196843151,0.05507780705273825,False
3145,VP0028,VP0028,current,EVS,31.75,-93.08,2.13623709,0.007963533380456696,False
3148,VP0056,VP0056,current,CNS,39.93,-83.82,98.93992503,0.14176426620840782,False
3152,VP0033,VP0033,current,EVS,41.11,-80.66,10.01502497,0.02768959798441222,False
3154,VP0056,VP0056,current,CNS,41.11,-80.66,45.26717557,0.08391957009902723,False
3156,VP0033,VP0033,current,EVS,41.23,-80.78,4.287752242,0.018783172035227457,False
3157,VP0056,VP0056,current,CNS,41.23,-80.78,14.70159668,0.04126446607197334,False
3158,VP0033,VP0033,current,EVS,41.1,-83.22,0.7422976962,0.006610370857959122,False
3159,VP0056,VP0056,current,CNS,41.1,-83.22,119.6744447,0.17317408782331953,False
3163,VP0040,VP0040,current,EVS,39.09,-84.35,5.681691636,0.012335550105101616,False
3164,VP0056,VP0056,current,CNS,39.09,-84.35,22.03108556,0.043989021289833334,False
3166,VP0040,VP0040,current,EVS,39.18,-84.6,-0.3183083644,0.002391600755690841,False
3167,VP0056,VP0056,current,CNS,39.18,-84.6,25.08801938,0.04847084790686347,False
3168,VP0040,VP0040,current,EVS,39.31,-84.52,4.681691636,0.008667681731357632,False
3170,VP0056,VP0056,current,CNS,39.31,-84.52,60.44614657,0.09606975695964262,False
3171,VP0040,VP0040,current,EVS,39.21,-84.38,4.833206787,0.01023154948278651,False
3173,VP0056,VP0056,current,CNS,39.21,-84.38,66.6085207,0.10478416287959827,False
3176,VP0040,VP0040,current,EVS,39.08,-84.14,4.13623709,0.011355641957979567,False
3177,VP0056,VP0056,current,CNS,39.08,-84.14,70.3302849,0.11023093157316853,False
3178,VP0033,VP0033,current,EVS,41.44,-82.24,4.07563103,0.008431811999863878,False
3180,VP0056,VP0056,current,CNS,41.44,-82.24,61.51319232,0.0987959628156207,False
3181,VP0033,VP0033,current,EVS,41.67,-83.54,15.98472194,0.02984691038558527,False
3183,VP0056,VP0056,current,CNS,41.67,-83.54,108.723439,0.16307296227009088,False
3184,VP0033,VP0033,current,EVS,41.04,-82.71,0.2877522417,0.003974125962686288,False
3186,VP0033,VP0033,current,EVS,41.64,-83.49,-0.3183083644,0.006877855144669289,False
3187,VP0056,VP0056,current,CNS,41.64,-83.49,24.47319858,0.04627392118051521,False
3188,VP0033,VP0033,current,EVS,41.69,-83.63,3.560479514,0.013307709559668469,False
3189,VP0056,VP0056,current,CNS,41.69,-83.63,57.31866437,0.0922061453561502,False
3190,VP0033,VP0033,current,EVS,41.54,-83.64,1.07563103,0.009531201248007456,False
3192,VP0040,VP0040,current,EVS,41.28,-84.34,0.4392673932,0.018360824126936102,False
3194,VP0033,VP0033,current,EVS,41.3,-82.22,0.3483583023,0.0033748908157870245,False
3195,VP0056,VP0056,current,CNS,41.3,-82.22,27.97465735,0.05156083926642662,False
3198,VP0019,VP0019,current,EVS,38.24,-85.73,4.318055272,0.018044893947688243,False
3199,VP0032,VP0032,current,CNS,38.24,-85.73,119.5414487,0.18784985884821176,False
3200,VP0019,VP0019,current,EVS,39.9,-86.06,1.469570424,0.020638170865656943,False
3201,VP0054,VP0054,current,CNS,39.78,-86.19,93.17410904,0.12929564950589054,False
3204,VP0019,VP0019,current,EVS,39.78,-86.19,1.469570424,0.019220275188883536,False
3205,VP0010,VP0010,current,EVS,39.53,-119.82,9.621085575,0.07144503751913493,False
3220,VP0033,VP0033,current,EVS,41.66,-83.55,0.8938128478,0.009006030406164356,False
3232,VP0045,VP0045,current,CNS,29.92,-95.59,70.84447699,0.16082499376930898,False
3235,VP0045,VP0045,current,CNS,29.71,-95.4,77.94504974,0.173056653350665,False
3236,VP0045,VP0045,current,CNS,29.54,-95.13,86.78777819,0.18794605190988806,False
3237,VP0045,VP0045,current,CNS,29.6,-95.64,96.60556275,0.19810132529269625,False
3238,VP0045,VP0045,current,CNS,39.75,-104.96,11.22618213,0.07241866247990025,False
3240,VP0044,VP0044,current,EVS,39.75,-104.96,1.742297696,0.06683777818230945,False
3241,VP0044,VP0044,current,EVS,32.67,-97.42,2.10593406,0.029119400455175155,False
3242,VP0044,VP0044,current,EVS,29.52,-98.56,1.469570424,0.04468610958281347,False
3250,VP0044,VP0044,current,EVS,32.89,-96.77,0.8938128478,0.03142251866109363,False
3265,VP0040,VP0040,current,EVS,39.36,-84.26,1.499873454,0.0058267003345227365,False
3267,VP0024,VP0024,current,EVS,40.37,-105.51,0.3786613326,0.01378060359780504,False
3275,VP0031,VP0031,current,EVS,36.39,-86.43,3.863509817,0.01467652149034003,False
3282,VP0045,VP0045,current,CNS,35.09,-106.64,65.22190089,0.12809575594516034,False
3283,VP0044,VP0044,current,EVS,35.09,-106.64,1.408964363,0.05067688655489815,False
3284,VP0045,VP0045,current,CNS,36.15,-115.21,56.55095849,0.1810010182977944,False
3285,VP0044,VP0044,current,EVS,36.15,-115.21,1.257449211,0.11535884508203818,False
3286,VP0045,VP0045,current,CNS,36.12,-115.12,7.721435599,0.1127757689428684,False
3287,VP0044,VP0044,current,EVS,36.12,-115.12,-0.3183083644,0.11248235089288279,False
3292,VP0023,VP0023,current,EVS,38.21,-90.0,0.4392673932,0.024097597064959467,False
3293,VP0023,VP0023,current,EVS,37.46,-89.25,0.4392673932,0.015588726292568413,False
3294,VP0023,VP0023,current,EVS,38.31,-88.94,1.10593406,0.02061352798022166,False
3306,VP0046,VP0046,current,EVS,42.34,-71.11,-0.3183083644,0.0,False
3307,VP0046,VP0046,current,EVS,42.34,-71.11,-0.3183083644,0.0,False
3331,VP0055,VP0055,current,EVS,32.92,-105.93,1.984721939,0.020646164262416514,False
3345,VP0045,VP0045,current,CNS,30.19,-95.46,56.15987349,0.13975060700813258,False
3346,VP0044,VP0044,current,EVS,30.19,-95.46,1.318055272,0.05367334095418263,False
3347,VP0007,VP0007,current,EVS,38.51,-90.38,1.196843151,0.009685720510181326,False
3371,VP0031,VP0031,current,EVS,36.14,-86.8,2.711994666,0.016325283747145838,False
3385,VP0024,VP0024,current,EVS,39.91,-105.09,1.428074321,0.010276758927196537,False
3386,VP0024,VP0024,current,EVS,40.15,-105.12,5.550411044,0.01754671119267403,False
3387,VP0032,VP0032,current,CNS,33.75,-90.71,79.7908555,0.16943323705365015,False
3388,VP0019,VP0019,current,EVS,33.75,-90.71,4.287752242,0.054424781223831625,False
3390,VP0022,VP0022,current,CNS,30.2,-93.2,33.83626011,0.09079735669069051,False
3404,VP0028,VP0028,current,EVS,30.84,-93.29,3.88738272,0.012684135293908737,False
3433,VP0005,VP0005,current,EVS,46.55,-87.4,15.628527,0.05713660784845714,False
3436,VP0058,VP0058,current,EVS,46.21,-119.76,1.363338099,0.14722672539791526,False
3461,VP0032,VP0032,current,CNS,37.85,-82.0,71.10222186,0.14604183780405117,False
3462,VP0008,VP0008,current,CNS,36.39,-85.33,76.5601757,0.17919740763398628,False
3463,VP0019,VP0019,current,EVS,36.39,-85.33,2.408964363,0.02597093389590902,False
3464,VP0004,VP0004,current,CNS,31.29,-86.49,54.51568598,0.1449565210716241,False
3466,VP0045,VP0045,current,CNS,31.73,-95.63,86.69126397,0.17321220881723576,False
3472,VP0044,VP0044,current,EVS,34.59,-98.46,5.227146181,0.024676261200066253,False
3475,VP0045,VP0045,current,CNS,46.42,-117.02,45.17481209,0.21782690466277924,False
3476,VP0004,VP0004,current,CNS,32.51,-84.96,82.65487681,0.16765957352585048,False
3477,VP0044,VP0044,current,EVS,31.73,-95.63,7.551579248,0.05300618234375737,False
3478,VP0044,VP0044,current,EVS,46.42,-117.02,6.17767171,0.17296138532006264,False
3492,VP0012,VP0012,current,CNS,33.12,-89.04,20.39910753,0.06237548925547663,False
3493,VP0039,VP0039,current,EVS,32.51,-84.96,9.07563103,0.05394653208861064,False
3494,VP0019,VP0019,current,EVS,37.85,-82.0,6.599826053,0.048420729151573395,False
3502,VP0026,VP0026,current,CNS,32.8,-108.26,2.277066769,0.0321623575640355,False
3504,VP0044,VP0044,current,EVS,33.65,-97.16,3.096923552,0.030185072532754324,False
3506,VP0045,VP0045,current,CNS,33.65,-97.16,29.15411444,0.07677819524684566,False
3518,VP0026,VP0026,current,CNS,34.2,-110.02,28.84415615,0.05037644178188278,False
3519,VP0055,VP0055,current,EVS,34.2,-110.02,2.378661333,0.019808703361337436,False
3568,VP0044,VP0044,current,EVS,45.71,-122.64,1.863509817,0.19347880196721814,False
3569,VP0045,VP0045,current,CNS,45.71,-122.64,93.41742624,0.31023595948526594,False
3577,VP0057,VP0057,current,EVS,33.79,-79.0,4.863509817,0.13918220508785,False
3581,VP0044,VP0044,current,EVS,32.74,-97.34,1.681691636,0.02884007976681846,False
3582,VP0052,VP0052,current,CNS,38.51,-90.38,62.64542467,0.10293708382951872,False
3583,VP0052,VP0052,current,CNS,37.1,-93.24,83.12855044,0.12916700929228153,False
3584,VP0045,VP0045,current,CNS,32.74,-97.34,48.67231143,0.10465190473620803,False
3585,VP0045,VP0045,current,CNS,32.68,-97.12,44.81195854,0.10110182294190456,False
3586,VP0052,VP0052,current,CNS,38.89,-94.77,94.17674225,0.1468339561974641,False
3587,VP0045,VP0045,current,CNS,32.65,-96.87,77.72063252,0.14851774681219873,False
3588,VP0044,VP0044,current,EVS,39.56,-104.83,2.590782545,0.0660394468004283,False
3589,VP0045,VP0045,current,CNS,39.56,-104.83,121.6377524,0.22313664980061984,False
3592,VP0004,VP0004,current,CNS,42.17,-72.64,143.975505,0.27346549656873664,False
3593,VP0004,VP0004,current,CNS,40.06,-76.35,49.10141378,0.11001511131547519,False
3594,VP0004,VP0004,current,CNS,40.2,-74.93,76.12079073,0.1561543587051796,False
3595,VP0032,VP0032,current,CNS,43.03,-88.29,67.09484815,0.12332621407145981,False
3599,VP0004,VP0004,current,CNS,41.45,-81.51,58.97093525,0.12313375235085254,False
3605,VP0012,VP0012,current,EVS,33.12,-89.03,2.575856003,0.037795747867419266,False
3615,VP0045,VP0045,current,CNS,45.74,-108.61,49.83070255,0.18622868910139123,False
3618,VP0044,VP0044,current,EVS,35.61,-97.61,1.681691636,0.030140008744837216,False
3621,VP0045,VP0045,current,CNS,33.32,-111.74,24.83003317,0.11105052584681427,False
3622,VP0045,VP0045,current,CNS,33.31,-111.87,64.71142662,0.16720808386516622,False
3630,VP0032,VP0032,current,CNS,41.6,-93.77,82.58350875,0.15764021213036455,False
3632,VP0032,VP0032,current,CNS,39.63,-86.08,42.19315346,0.07323554274001166,False
3633,VP0019,VP0019,current,EVS,37.99,-87.33,1.13623709,0.0039043052811648274,False
3634,VP0032,VP0032,current,CNS,37.99,-87.33,75.96363786,0.12278638594502317,False
3637,VP0045,VP0045,current,CNS,30.61,-97.67,121.445876,0.21437021927452493,False
3645,VP0033,VP0033,current,EVS,41.11,-83.2,0.7422976962,0.006444487288465996,False
3646,VP0033,VP0033,current,EVS,41.44,-82.24,-0.3183083644,0.002355198904803078,False
3647,VP0030,VP0030,current,CNS,34.71,-82.31,2.726933765,0.0050941493488861865,False
3648,VP0037,VP0037,current,EVS,34.71,-82.31,1.07563103,0.0378168274046614,False
3649,VP0050,VP0050,current,EVS,28.54,-82.53,10.28775224,0.02180471778597364,False
3661,VP0052,VP0052,current,CNS,38.78,-89.92,46.79747192,0.08447298573914591,False
3662,VP0032,VP0032,current,CNS,41.7,-91.61,61.71940292,0.11603190464562019,False
3679,VP0004,VP0004,current,CNS,39.34,-84.46,101.4349519,0.17553022771412824,False
3680,VP0004,VP0004,current,CNS,41.45,-81.52,93.9620512,0.17153551298873154,False
3681,VP0004,VP0004,current,CNS,40.01,-82.91,115.9509719,0.19267859471647325,False
3682,VP0004,VP0004,current,CNS,40.1,-83.17,175.0376309,0.27607680641017024,False
3685,VP0049,VP0049,current,EVS,33.43,-94.05,14.01962283,0.025964128366852267,False
3689,VP0057,VP0057,current,EVS,33.79,-79.0,4.863509817,0.13918220508785,False
3690,VP0004,VP0004,current,CNS,41.14,-80.67,11.7097744,0.0544590622131861,False
3691,VP0009,VP0009,current,EVS,34.78,-96.63,2.954418908,0.011555716926213648,False
3692,VP0022,VP0022,current,CNS,34.78,-96.63,46.32043126,0.09609381797695835,False
3697,VP0036,VP0036,current,CNS,37.39,-77.45,2.943835989,0.007997973037622754,False
3698,VP0033,VP0033,current,EVS,40.98,-80.67,-0.3183083644,0.0136035596327202,False
3699,VP0045,VP0045,current,CNS,32.77,-91.92,59.28011962,0.15962865244394137,False
3702,VP0044,VP0044,current,EVS,32.77,-91.92,3.952147357,0.07247769035298775,False
3712,VP0007,VP0007,current,EVS,43.19,-77.71,8.257449211,0.1145295141891359,False
3714,VP0008,VP0008,current,CNS,27.95,-82.47,5.490741578,0.018067547841698325,False
3715,VP0039,VP0039,current,EVS,27.95,-82.47,-0.3183083644,0.02561606924621528,False
3716,VP0004,VP0004,current,CNS,35.74,-78.87,7.214257292,0.028210266788705016,False
3717,VP0033,VP0033,current,EVS,41.58,-83.67,0.7422976962,0.009355861379714487,False
3721,VP0011,VP0011,current,CNS,42.7,-74.92,21.38335326,0.06082345340293054,False
3722,VP0011,VP0011,current,CNS,43.04,-74.85,2.535478319,0.03701639498328892,False
3723,VP0011,VP0011,current,CNS,42.27,-74.92,1.068549004,0.03064682275718957,False
3724,VP0011,VP0011,current,CNS,42.69,-74.48,1.975768351,0.036426562518285494,False
3725,VP0011,VP0011,current,CNS,42.46,-75.05,16.2165542,0.05171834983686829,False
3727,VP0037,VP0037,current,EVS,36.87,-76.44,-0.3183083644,0.012954625928693614,False
3736,VP0045,VP0045,current,CNS,32.46,-93.67,45.53456355,0.1281423972713992,False
3740,VP0004,VP0004,current,CNS,27.23,-81.85,14.8642449,0.11180607244609381,False
3741,VP0039,VP0039,current,EVS,27.23,-81.85,1.16654012,0.031052586128884778,False
3742,VP0018,VP0018,current,EVS,37.09,-81.82,4.257449211,0.017574176999098926,False
3743,VP0018,VP0018,current,EVS,36.95,-81.1,2.469570424,0.010672681775526625,False
3745,VP0047,VP0047,current,EVS,34.11,-85.98,1.742297696,0.18601345492915505,False
3746,VP0031,VP0031,current,EVS,35.23,-87.34,3.7971977,0.025497699757436286,False
3747,VP0047,VP0047,current,EVS,45.2,-123.16,1.196843151,0.10839787512320931,False
3748,VP0047,VP0047,current,EVS,40.82,-115.73,1.469570424,0.04609851291419557,False
3749,VP0047,VP0047,current,EVS,35.0,-114.6,1.863509817,0.05239566112988875,False
3750,VP0047,VP0047,current,EVS,39.61,-110.83,0.8635098175,0.009841162991913732,False
3751,VP0044,VP0044,current,EVS,30.28,-95.47,0.9241158781,0.05252142497015458,False
3753,VP0044,VP0044,current,EVS,26.16,-97.67,0.9241158781,0.07558998496153851,False
3760,VP0017,VP0017,current,EVS,35.8,-80.88,8.735361507,0.05472505554703969,False
3766,VP0011,VP0011,current,CNS,37.57,-85.26,78.8134894,0.165554227913176,False
3767,VP0023,VP0023,current,EVS,37.57,-85.26,3.377662107,0.02456815133682878,False
3771,VP0053,VP0053,current,CNS,35.19,-87.0,51.25226356,0.0898703786563242,False
3772,VP0031,VP0031,current,EVS,35.19,-87.0,2.13623709,0.021522462909009697,False
3784,VP0005,VP0005,current,EVS,44.97,-93.24,0.4392673932,0.00662656061938078,False
3786,VP0038,VP0038,current,CNS,37.79,-81.2,106.9501055,0.19279206873989846,False
3787,VP0018,VP0018,current,EVS,37.79,-81.2,8.772600727,0.026863592385672604,False
3792,VP0024,VP0024,current,EVS,38.33,-104.7,3.469570424,0.01604447791873316,False
3793,VP0024,VP0024,current,EVS,39.67,-95.53,3.469570424,0.06666216722046414,False
3794,VP0028,VP0028,current,EVS,30.2,-93.23,0.7422976962,0.013153935748613352,False
3798,VP0028,VP0028,current,EVS,32.58,-90.08,2.468763818,0.027055905490876206,False
3804,VP0012,VP0012,current,EVS,37.77,-97.26,0.2877522417,0.04317891182253131,False
3805,VP0045,VP0045,current,CNS,35.75,-95.41,73.52509134,0.1527797546809812,False
3806,VP0044,VP0044,current,EVS,35.75,-95.41,2.658528934,0.046454826210155314,False
3807,VP0044,VP0044,current,EVS,32.16,-91.71,2.201054182,0.07288993118257445,False
3818,VP0012,VP0012,current,CNS,37.77,-97.26,36.85297543,0.09374690880788467,False
3819,VP0050,VP0050,current,EVS,27.07,-82.15,-0.3183083644,0.020906625343903935,False
3824,VP0033,VP0033,current,EVS,41.64,-83.48,2.893812848,0.011256067724539954,False
3827,VP0009,VP0009,current,EVS,35.48,-97.5,-0.3183083644,0.014812153923237707,False
3830,VP0055,VP0055,current,EVS,32.93,-105.93,1.984721939,0.020611407568956183,False
3831,VP0050,VP0050,current,EVS,35.58,-82.55,34.69257931,0.10614126345709238,False
3837,VP0044,VP0044,current,EVS,29.71,-95.4,2.621085575,0.058852956615594865,False
3838,VP0044,VP0044,current,EVS,29.6,-95.64,2.863509817,0.05857517484462996,False
3839,VP0044,VP0044,current,EVS,29.92,-95.59,2.227146181,0.055868497739155594,False
3840,VP0044,VP0044,current,EVS,29.54,-95.13,3.015024969,0.062036910689785764,False
3854,VP0019,VP0019,current,EVS,34.75,-92.34,2.257449211,0.05235205151370673,False
3850,VP0020,,opportunity,EVS,31.1138,-97.8012,,0.015339128363728275,False
552431,VP0025,,opportunity,EVS,28.2956,-82.4898,,0.0034405603001024716,False
894,VP0025,,opportunity,EVS,28.3554,-82.1933,,0.001242371203110049,False
928,VP0025,,opportunity,EVS,29.1957,-81.0489,,0.010890211112426962,False
929,VP0025,,opportunity,EVS,29.0295,-81.3033,,0.00833366004387858,False
5719,VP0005,,opportunity,EVS,44.6263,-91.967,,0.008204787517784065,False
1643,VP0023,,opportunity,EVS,37.1093,-87.8722,,0.00520516983436415,False
2892,VP0046,,opportunity,EVS,44.6699,-74.9863,,0.033634076418120384,False
4296,VP0037,,opportunity,EVS,37.4729,-80.0829,,0.015697559667392415,False
2457,VP0010,,opportunity,EVS,47.0665,-109.4357,,0.0449297674906047,False
4095,VP0057,,opportunity,EVS,30.209,-95.4556,,0.0006290116694806867,False
925194,VP0051,,opportunity,EVS,30.3952,-89.0437,,0.0012221839568227037,False
5814,VP0012,,opportunity,EVS,36.0481,-94.158,,0.01508841882855653,False
585418,VP0061,,opportunity,EVS,27.1475,-80.2206,,0.017752371456422184,False
1662,VP0040,,opportunity,EVS,37.6661,-82.7749,,0.021400599195098974,False
5151,VP0006,,opportunity,CNS,39.5539,-104.9066,,0.053156126369708234,False
1014,VP0030,,opportunity,CNS,32.5984,-83.635,,0.02254763330478448,False
1076,VP0001,,opportunity,CNS,21.3826,-157.9392,,0.552546713654993,False
4231,VP0026,,opportunity,CNS,40.6804,-111.4977,,0.05470636514757851,False
1295,VP0054,,opportunity,CNS,40.7541,-86.3659,,0.009059178523302796,False
4074,VP0022,,opportunity,CNS,31.679,-96.482,,0.015272167975341434,False
2558,VP0052,,opportunity,CNS,40.1096,-96.1516,,0.029461639798930708,False
6373,VP0045,,opportunity,CNS,38.1849,-99.0947,,0.04233991986298144,False
5728,VP0052,,opportunity,CNS,38.5133,-90.4774,,0.015158885585990581,False
